case_id,domain,category,query,expected_intents,review_status,review_notes
g3-compound-cloud-001,cloud,compound,"what Keystores are available, please? Also, How can I organize my secrets?","[""what Keystores are available, please?"", ""How can I organize my secrets?""]",accepted_by_owner,Approved by project owner
g3-compound-cloud-002,cloud,compound,What are some likely reasons for a stuck transient state? One more thing: IBM Cloudant legacy,"[""What are some likely reasons for a stuck transient state?"", ""IBM Cloudant legacy""]",accepted_by_owner,Approved by project owner
g3-compound-cloud-003,cloud,compound,"MKSYSB? Separately, To whom is the trial account available?","[""MKSYSB"", ""To whom is the trial account available?""]",accepted_by_owner,Approved by project owner
g3-compound-cloud-004,cloud,compound,"I keep seeing bare metal servers for vpc mentioned. What is that, exactly? And another question: Did it receive any recent updates?","[""I keep seeing bare metal servers for vpc mentioned. What is that, exactly?"", ""Did it receive any recent updates?""]",accepted_by_owner,Approved by project owner
g3-compound-cloud-005,cloud,compound,What are the other three Watson Discovery concepts? Could I also ask: What is Watson Assistant?,"[""What are the other three Watson Discovery concepts?"", ""What is Watson Assistant?""]",accepted_by_owner,Approved by project owner
g3-compound-cloud-006,cloud,compound,"How can I make a programmatic call? Also, what are the next steps after I finish creating dialog skill steps?","[""How can I make a programmatic call?"", ""what are the next steps after I finish creating dialog skill steps?""]",accepted_by_owner,Approved by project owner
g3-compound-cloud-007,cloud,compound,will anyone contact me separately at least after I open the support case? One more thing: How does it affect the performance?,"[""will anyone contact me separately at least after I open the support case?"", ""How does it affect the performance?""]",accepted_by_owner,Approved by project owner
g3-compound-cloud-008,cloud,compound,"How can I organize my secrets? Separately, Why does the last point sometimes drop suddenly in the Most Recent Metrics Report?","[""How can I organize my secrets?"", ""Why does the last point sometimes drop suddenly in the Most Recent Metrics Report?""]",accepted_by_owner,Approved by project owner
g3-compound-cloud-009,cloud,compound,IBM Cloudant legacy? And another question: How is it configure?,"[""IBM Cloudant legacy"", ""How is it configure?""]",accepted_by_owner,Approved by project owner
g3-compound-cloud-010,cloud,compound,To whom is the trial account available? Could I also ask: What is IBM Cloud Pak for Data?,"[""To whom is the trial account available?"", ""What is IBM Cloud Pak for Data?""]",accepted_by_owner,Approved by project owner
g3-compound-cloud-011,cloud,compound,"Did it receive any recent updates? Also, what restriction does IBM have to prevent DDoS Attacks?","[""Did it receive any recent updates?"", ""what restriction does IBM have to prevent DDoS Attacks?""]",accepted_by_owner,Approved by project owner
g3-compound-cloud-012,cloud,compound,What is Watson Assistant? One more thing: Is there a special plan for small businesses?,"[""What is Watson Assistant?"", ""Is there a special plan for small businesses?""]",accepted_by_owner,Approved by project owner
g3-compound-cloud-013,cloud,compound,"what are the next steps after I finish creating dialog skill steps? Separately, no worries. Do you have the current average cost of serverless in IBM?","[""what are the next steps after I finish creating dialog skill steps?"", ""no worries. Do you have the current average cost of serverless in IBM?""]",accepted_by_owner,Approved by project owner
g3-compound-cloud-014,cloud,compound,How does it affect the performance? And another question: Did it receive any recognition or awards?,"[""How does it affect the performance?"", ""Did it receive any recognition or awards?""]",accepted_by_owner,Approved by project owner
g3-compound-cloud-015,cloud,compound,Why does the last point sometimes drop suddenly in the Most Recent Metrics Report? Could I also ask: I'm bit confused.  Is it Speech to Text or the other way?,"[""Why does the last point sometimes drop suddenly in the Most Recent Metrics Report?"", ""I'm bit confused.  Is it Speech to Text or the other way?""]",accepted_by_owner,Approved by project owner
g3-compound-cloud-016,cloud,compound,"How is it configure? Also, How many domains are included in the plan?","[""How is it configure?"", ""How many domains are included in the plan?""]",accepted_by_owner,Approved by project owner
g3-compound-cloud-017,cloud,compound,What is IBM Cloud Pak for Data? One more thing: Is Cloud Shell workspace free?,"[""What is IBM Cloud Pak for Data?"", ""Is Cloud Shell workspace free?""]",accepted_by_owner,Approved by project owner
g3-compound-cloud-018,cloud,compound,"what restriction does IBM have to prevent DDoS Attacks? Separately, What is the default timeout duration for a Code Engine job if the --mode daemon option is not specified?","[""what restriction does IBM have to prevent DDoS Attacks?"", ""What is the default timeout duration for a Code Engine job if the --mode daemon option is not specified?""]",accepted_by_owner,Approved by project owner
g3-compound-cloud-019,cloud,compound,Is there a special plan for small businesses? And another question: Which ports are accessible from the public internet?,"[""Is there a special plan for small businesses?"", ""Which ports are accessible from the public internet?""]",accepted_by_owner,Approved by project owner
g3-compound-cloud-020,cloud,compound,no worries. Do you have the current average cost of serverless in IBM? Could I also ask: What is an enterprise?,"[""no worries. Do you have the current average cost of serverless in IBM?"", ""What is an enterprise?""]",accepted_by_owner,Approved by project owner
g3-compound-cloud-021,cloud,compound,"Did it receive any recognition or awards? Also, Did the revision of the new document cause any issues?","[""Did it receive any recognition or awards?"", ""Did the revision of the new document cause any issues?""]",accepted_by_owner,Approved by project owner
g3-compound-cloud-022,cloud,compound,I'm bit confused.  Is it Speech to Text or the other way? One more thing: I'm not sure I understand what a TLS handshake is.,"[""I'm bit confused.  Is it Speech to Text or the other way?"", ""I'm not sure I understand what a TLS handshake is.""]",accepted_by_owner,Approved by project owner
g3-compound-cloud-023,cloud,compound,"How many domains are included in the plan? Separately, How can we enhance its performance?","[""How many domains are included in the plan?"", ""How can we enhance its performance?""]",accepted_by_owner,Approved by project owner
g3-compound-cloud-024,cloud,compound,Is Cloud Shell workspace free? And another question: What are the best practices for using the SDK?,"[""Is Cloud Shell workspace free?"", ""What are the best practices for using the SDK?""]",accepted_by_owner,Approved by project owner
g3-compound-cloud-025,cloud,compound,What is the default timeout duration for a Code Engine job if the --mode daemon option is not specified? Could I also ask: Pagination options,"[""What is the default timeout duration for a Code Engine job if the --mode daemon option is not specified?"", ""Pagination options""]",accepted_by_owner,Approved by project owner
g3-compound-cloud-026,cloud,compound,"Which ports are accessible from the public internet? Also, They sound similar in function.","[""Which ports are accessible from the public internet?"", ""They sound similar in function.""]",accepted_by_owner,Approved by project owner
g3-compound-cloud-027,cloud,compound,What is an enterprise? One more thing: How does the service synthesize audio?,"[""What is an enterprise?"", ""How does the service synthesize audio?""]",accepted_by_owner,Approved by project owner
g3-compound-cloud-028,cloud,compound,"Did the revision of the new document cause any issues? Separately, Oops, I meant personal data, pls.","[""Did the revision of the new document cause any issues?"", ""Oops, I meant personal data, pls.""]",accepted_by_owner,Approved by project owner
g3-compound-cloud-029,cloud,compound,I'm not sure I understand what a TLS handshake is? And another question: IBM Cloud enterprises,"[""I'm not sure I understand what a TLS handshake is."", ""IBM Cloud enterprises""]",accepted_by_owner,Approved by project owner
g3-compound-cloud-030,cloud,compound,How can we enhance its performance? Could I also ask: what is the cost of restoring toolchain?,"[""How can we enhance its performance?"", ""what is the cost of restoring toolchain?""]",accepted_by_owner,Approved by project owner
g3-compound-cloud-031,cloud,compound,"What are the best practices for using the SDK? Also, Which children games are available for the IBM i virtual machine?","[""What are the best practices for using the SDK?"", ""Which children games are available for the IBM i virtual machine?""]",accepted_by_owner,Approved by project owner
g3-compound-cloud-032,cloud,compound,Pagination options? One more thing: How do I do the migration?,"[""Pagination options"", ""How do I do the migration?""]",accepted_by_owner,Approved by project owner
g3-compound-cloud-033,cloud,compound,"They sound similar in function? Separately, how does passing context occur in the dialog?","[""They sound similar in function."", ""how does passing context occur in the dialog?""]",accepted_by_owner,Approved by project owner
g3-compound-cloud-034,cloud,compound,How does the service synthesize audio? And another question: Is this intended for use exclusively by professionals?,"[""How does the service synthesize audio?"", ""Is this intended for use exclusively by professionals?""]",accepted_by_owner,Approved by project owner
g3-compound-cloud-035,cloud,compound,"Oops, I meant personal data, pls? Could I also ask: can I restore everything that deleted by me or my coworker?","[""Oops, I meant personal data, pls."", ""can I restore everything that deleted by me or my coworker?""]",accepted_by_owner,Approved by project owner
g3-compound-cloud-036,cloud,compound,"IBM Cloud enterprises? Also, I meant what kind of sources are there?","[""IBM Cloud enterprises"", ""I meant what kind of sources are there?""]",accepted_by_owner,Approved by project owner
g3-compound-cloud-037,cloud,compound,what is the cost of restoring toolchain? One more thing: Did the update action cause any issues?,"[""what is the cost of restoring toolchain?"", ""Did the update action cause any issues?""]",accepted_by_owner,Approved by project owner
g3-compound-cloud-038,cloud,compound,"Which children games are available for the IBM i virtual machine? Separately, It is not possible to use  Terraform to manage the lifecycle of your custom images with three statuses. , right?","[""Which children games are available for the IBM i virtual machine?"", ""It is not possible to use  Terraform to manage the lifecycle of your custom images with three statuses. , right?""]",accepted_by_owner,Approved by project owner
g3-compound-cloud-039,cloud,compound,How do I do the migration? And another question: Do you know the regions where Immutable Object Storage is available?,"[""How do I do the migration?"", ""Do you know the regions where Immutable Object Storage is available?""]",accepted_by_owner,Approved by project owner
g3-compound-cloud-040,cloud,compound,how does passing context occur in the dialog? Could I also ask: Can you tell me about its policies.,"[""how does passing context occur in the dialog?"", ""Can you tell me about its policies.""]",accepted_by_owner,Approved by project owner
g3-compound-cloud-041,cloud,compound,"Is this intended for use exclusively by professionals? Also, Add user identity information","[""Is this intended for use exclusively by professionals?"", ""Add user identity information""]",accepted_by_owner,Approved by project owner
g3-compound-cloud-042,cloud,compound,can I restore everything that deleted by me or my coworker? One more thing: What are the two SAP HANA system types listed by SAP?,"[""can I restore everything that deleted by me or my coworker?"", ""What are the two SAP HANA system types listed by SAP?""]",accepted_by_owner,Approved by project owner
g3-compound-cloud-043,cloud,compound,"I meant what kind of sources are there? Separately, What is the sounds_like field in an API request?","[""I meant what kind of sources are there?"", ""What is the sounds_like field in an API request?""]",accepted_by_owner,Approved by project owner
g3-compound-cloud-044,cloud,compound,"Did the update action cause any issues? And another question: what Keystores are available, please?","[""Did the update action cause any issues?"", ""what Keystores are available, please?""]",accepted_by_owner,Approved by project owner
g3-compound-cloud-045,cloud,compound,"It is not possible to use  Terraform to manage the lifecycle of your custom images with three statuses. , right? Could I also ask: What are some likely reasons for a stuck transient state?","[""It is not possible to use  Terraform to manage the lifecycle of your custom images with three statuses. , right?"", ""What are some likely reasons for a stuck transient state?""]",accepted_by_owner,Approved by project owner
g3-compound-cloud-046,cloud,compound,"Do you know the regions where Immutable Object Storage is available? Also, MKSYSB","[""Do you know the regions where Immutable Object Storage is available?"", ""MKSYSB""]",accepted_by_owner,Approved by project owner
g3-compound-cloud-047,cloud,compound,"Can you tell me about its policies? One more thing: I keep seeing bare metal servers for vpc mentioned. What is that, exactly?","[""Can you tell me about its policies."", ""I keep seeing bare metal servers for vpc mentioned. What is that, exactly?""]",accepted_by_owner,Approved by project owner
g3-compound-cloud-048,cloud,compound,"Add user identity information? Separately, What are the other three Watson Discovery concepts?","[""Add user identity information"", ""What are the other three Watson Discovery concepts?""]",accepted_by_owner,Approved by project owner
g3-compound-cloud-049,cloud,compound,What are the two SAP HANA system types listed by SAP? And another question: How can I make a programmatic call?,"[""What are the two SAP HANA system types listed by SAP?"", ""How can I make a programmatic call?""]",accepted_by_owner,Approved by project owner
g3-compound-cloud-050,cloud,compound,What is the sounds_like field in an API request? Could I also ask: will anyone contact me separately at least after I open the support case?,"[""What is the sounds_like field in an API request?"", ""will anyone contact me separately at least after I open the support case?""]",accepted_by_owner,Approved by project owner
g3-compound-govt-001,govt,compound,"What happens to people's bodies when there isn't enough atmospheric pressure? Also, That ws when jumbo jets were produced...","[""What happens to people's bodies when there isn't enough atmospheric pressure?"", ""That ws when jumbo jets were produced...""]",accepted_by_owner,Approved by project owner
g3-compound-govt-002,govt,compound,Do I need to be a U.S. citizen? One more thing: I love barbecue. Could I do a barbecue on those camp facilities?,"[""Do I need to be a U.S. citizen?"", ""I love barbecue. Could I do a barbecue on those camp facilities?""]",accepted_by_owner,Approved by project owner
g3-compound-govt-003,govt,compound,"Why do people need so many doses? Separately, What kind the food should I eat ?","[""Why do people need so many doses?"", ""What kind the food should I eat ?""]",accepted_by_owner,Approved by project owner
g3-compound-govt-004,govt,compound,Who was the last Kolb to live in the house? And another question: Sharps Disposal in Madison County,"[""Who was the last Kolb to live in the house?"", ""Sharps Disposal in Madison County""]",accepted_by_owner,Approved by project owner
g3-compound-govt-005,govt,compound,"Since I will prep myself, what do you think of the grocery budget for meal prep? Could I also ask: no, the domain name for my bank account should be personal information. It has all of my information.","[""Since I will prep myself, what do you think of the grocery budget for meal prep?"", ""no, the domain name for my bank account should be personal information. It has all of my information.""]",accepted_by_owner,Approved by project owner
g3-compound-govt-006,govt,compound,"Can you tell me about a specific city or town in California? Also, Who charges the fee for issuing a Writ of Execution in this case?","[""Can you tell me about a specific city or town in California?"", ""Who charges the fee for issuing a Writ of Execution in this case?""]",accepted_by_owner,Approved by project owner
g3-compound-govt-007,govt,compound,can the landlord sue me if I do not pay rent? the rent is too expensive.? One more thing: Tell me something about the Demography of the city of California.,"[""can the landlord sue me if I do not pay rent? the rent is too expensive.."", ""Tell me something about the Demography of the city of California.""]",accepted_by_owner,Approved by project owner
g3-compound-govt-008,govt,compound,"That ws when jumbo jets were produced..? Separately, can you please help me to check one more time? I think I saw somewhere on the website about ""the fiscal year in California runs from July 1 to June 30, but I want to confirm once.","[""That ws when jumbo jets were produced..."", ""can you please help me to check one more time? I think I saw somewhere on the website about \""the fiscal year in California runs from July 1 to June 30, but I want to confirm once.""]",accepted_by_owner,Approved by project owner
g3-compound-govt-009,govt,compound,I love barbecue. Could I do a barbecue on those camp facilities? And another question: Does MontanaVA carry J&J booster shots?,"[""I love barbecue. Could I do a barbecue on those camp facilities?"", ""Does MontanaVA carry J&J booster shots?""]",accepted_by_owner,Approved by project owner
g3-compound-govt-010,govt,compound,What kind the food should I eat ? Could I also ask: am I able to treat my teeth even when I am in the space?,"[""What kind the food should I eat ?"", ""am I able to treat my teeth even when I am in the space?""]",accepted_by_owner,Approved by project owner
g3-compound-govt-011,govt,compound,"Sharps Disposal in Madison County? Also, Do you have directions to the Fair grounds?","[""Sharps Disposal in Madison County"", ""Do you have directions to the Fair grounds?""]",accepted_by_owner,Approved by project owner
g3-compound-govt-012,govt,compound,"no, the domain name for my bank account should be personal information. It has all of my information? One more thing: Can we take the pets in the park?","[""no, the domain name for my bank account should be personal information. It has all of my information."", ""Can we take the pets in the park?""]",accepted_by_owner,Approved by project owner
g3-compound-govt-013,govt,compound,"Who charges the fee for issuing a Writ of Execution in this case? Separately, What is a safe room?","[""Who charges the fee for issuing a Writ of Execution in this case?"", ""What is a safe room?""]",accepted_by_owner,Approved by project owner
g3-compound-govt-014,govt,compound,Tell me something about the Demography of the city of California? And another question: Does vaccinated lactating mothers give protection to their babies?,"[""Tell me something about the Demography of the city of California."", ""Does vaccinated lactating mothers give protection to their babies?""]",accepted_by_owner,Approved by project owner
g3-compound-govt-015,govt,compound,"can you please help me to check one more time? I think I saw somewhere on the website about ""the fiscal year in California runs from July 1 to June 30, but I want to confirm once? Could I also ask: Do you know how much people make averagely at the Auburn Police Department?","[""can you please help me to check one more time? I think I saw somewhere on the website about \""the fiscal year in California runs from July 1 to June 30, but I want to confirm once."", ""Do you know how much people make averagely at the Auburn Police Department?""]",accepted_by_owner,Approved by project owner
g3-compound-govt-016,govt,compound,"Does MontanaVA carry J&J booster shots? Also, That is fine. Could you tell me a little bit about the greenhouse effect. Is it good or bad?","[""Does MontanaVA carry J&J booster shots?"", ""That is fine. Could you tell me a little bit about the greenhouse effect. Is it good or bad?""]",accepted_by_owner,Approved by project owner
g3-compound-govt-017,govt,compound,am I able to treat my teeth even when I am in the space? One more thing: What all facilities does this library provide for the public?,"[""am I able to treat my teeth even when I am in the space?"", ""What all facilities does this library provide for the public?""]",accepted_by_owner,Approved by project owner
g3-compound-govt-018,govt,compound,"Do you have directions to the Fair grounds? Separately, Where can I find information on the park amenities available at the New York county?","[""Do you have directions to the Fair grounds?"", ""Where can I find information on the park amenities available at the New York county?""]",accepted_by_owner,Approved by project owner
g3-compound-govt-019,govt,compound,Can we take the pets in the park? And another question: I'm asking more concrete info such as tele number.,"[""Can we take the pets in the park?"", ""I'm asking more concrete info such as tele number.""]",accepted_by_owner,Approved by project owner
g3-compound-govt-020,govt,compound,What is a safe room? Could I also ask: Any Supplies Kit do you think I should prepare for the disasters?,"[""What is a safe room?"", ""Any Supplies Kit do you think I should prepare for the disasters?""]",accepted_by_owner,Approved by project owner
g3-compound-govt-021,govt,compound,"Does vaccinated lactating mothers give protection to their babies? Also, how much is each M.A.P Classes, please?","[""Does vaccinated lactating mothers give protection to their babies?"", ""how much is each M.A.P Classes, please?""]",accepted_by_owner,Approved by project owner
g3-compound-govt-022,govt,compound,Do you know how much people make averagely at the Auburn Police Department? One more thing: Do I need a lawyer for civil cases?,"[""Do you know how much people make averagely at the Auburn Police Department?"", ""Do I need a lawyer for civil cases?""]",accepted_by_owner,Approved by project owner
g3-compound-govt-023,govt,compound,"That is fine. Could you tell me a little bit about the greenhouse effect. Is it good or bad? Separately, What is the main purpose of that NASA mission?","[""That is fine. Could you tell me a little bit about the greenhouse effect. Is it good or bad?"", ""What is the main purpose of that NASA mission?""]",accepted_by_owner,Approved by project owner
g3-compound-govt-024,govt,compound,What all facilities does this library provide for the public? And another question: Did the defendant file an answer in this case?,"[""What all facilities does this library provide for the public?"", ""Did the defendant file an answer in this case?""]",accepted_by_owner,Approved by project owner
g3-compound-govt-025,govt,compound,Where can I find information on the park amenities available at the New York county? Could I also ask: can my family use the app on behalf of me?,"[""Where can I find information on the park amenities available at the New York county?"", ""can my family use the app on behalf of me?""]",accepted_by_owner,Approved by project owner
g3-compound-govt-026,govt,compound,"I'm asking more concrete info such as tele number? Also, Do I need to hire a lawyer?","[""I'm asking more concrete info such as tele number."", ""Do I need to hire a lawyer?""]",accepted_by_owner,Approved by project owner
g3-compound-govt-027,govt,compound,Any Supplies Kit do you think I should prepare for the disasters? One more thing: What is the name of our galaxy?,"[""Any Supplies Kit do you think I should prepare for the disasters?"", ""What is the name of our galaxy?""]",accepted_by_owner,Approved by project owner
g3-compound-govt-028,govt,compound,"how much is each M.A.P Classes, please? Separately, what types of permission am I giving when I am using this app?","[""how much is each M.A.P Classes, please?"", ""what types of permission am I giving when I am using this app?""]",accepted_by_owner,Approved by project owner
g3-compound-govt-029,govt,compound,Do I need a lawyer for civil cases? And another question: What are the Mars rovers?,"[""Do I need a lawyer for civil cases?"", ""What are the Mars rovers?""]",accepted_by_owner,Approved by project owner
g3-compound-govt-030,govt,compound,What is the main purpose of that NASA mission? Could I also ask: Does this outpatient clinic provide mental health services to veterans in Minneapolis?,"[""What is the main purpose of that NASA mission?"", ""Does this outpatient clinic provide mental health services to veterans in Minneapolis?""]",accepted_by_owner,Approved by project owner
g3-compound-govt-031,govt,compound,"Did the defendant file an answer in this case? Also, ""What happens to people's bodies when there isn't enough atmospheric pressure?""","[""Did the defendant file an answer in this case?"", ""\""What happens to people's bodies when there isn't enough atmospheric pressure?\""""]",accepted_by_owner,Approved by project owner
g3-compound-govt-032,govt,compound,"can my family use the app on behalf of me? One more thing: If I am receiving Disability Insurance pregnancy-related benefits, can I request a Claim for Paid Family Leave Benefits?","[""can my family use the app on behalf of me?"", ""If I am receiving Disability Insurance pregnancy-related benefits, can I request a Claim for Paid Family Leave Benefits?""]",accepted_by_owner,Approved by project owner
g3-compound-govt-033,govt,compound,"Do I need to hire a lawyer? Separately, Hi, could you shed some light on the opportunities available through the police department's Explorer program, particularly for the youth participants?","[""Do I need to hire a lawyer?"", ""Hi, could you shed some light on the opportunities available through the police department's Explorer program, particularly for the youth participants?""]",accepted_by_owner,Approved by project owner
g3-compound-govt-034,govt,compound,What is the name of our galaxy? And another question: I meant for the purchase loan,"[""What is the name of our galaxy?"", ""I meant for the purchase loan""]",accepted_by_owner,Approved by project owner
g3-compound-govt-035,govt,compound,what types of permission am I giving when I am using this app? Could I also ask: Do VA apps function better on a macOS or Windows system?,"[""what types of permission am I giving when I am using this app?"", ""Do VA apps function better on a macOS or Windows system?""]",accepted_by_owner,Approved by project owner
g3-compound-govt-036,govt,compound,"What are the Mars rovers? Also, how does COVID-19 Vaccines work?","[""What are the Mars rovers?"", ""how does COVID-19 Vaccines work?""]",accepted_by_owner,Approved by project owner
g3-compound-govt-037,govt,compound,Does this outpatient clinic provide mental health services to veterans in Minneapolis? One more thing: How much physical activity a day is recommended for children?,"[""Does this outpatient clinic provide mental health services to veterans in Minneapolis?"", ""How much physical activity a day is recommended for children?""]",accepted_by_owner,Approved by project owner
g3-compound-govt-038,govt,compound,"""What happens to people's bodies when there isn't enough atmospheric pressure?""? Separately, Sorry, I want to ask you about what we do after a flood disaster.","[""\""What happens to people's bodies when there isn't enough atmospheric pressure?\"""", ""Sorry, I want to ask you about what we do after a flood disaster.""]",accepted_by_owner,Approved by project owner
g3-compound-govt-039,govt,compound,"If I am receiving Disability Insurance pregnancy-related benefits, can I request a Claim for Paid Family Leave Benefits? And another question: What are the services offered by this state library?","[""If I am receiving Disability Insurance pregnancy-related benefits, can I request a Claim for Paid Family Leave Benefits?"", ""What are the services offered by this state library?""]",accepted_by_owner,Approved by project owner
g3-compound-govt-040,govt,compound,"Hi, could you shed some light on the opportunities available through the police department's Explorer program, particularly for the youth participants? Could I also ask: Isn't there a giant sequoia, very famous I believe...","[""Hi, could you shed some light on the opportunities available through the police department's Explorer program, particularly for the youth participants?"", ""Isn't there a giant sequoia, very famous I believe...""]",accepted_by_owner,Approved by project owner
g3-compound-govt-041,govt,compound,"I meant for the purchase loan? Also, will I go to jail if I do not filing form 540?","[""I meant for the purchase loan"", ""will I go to jail if I do not filing form 540?""]",accepted_by_owner,Approved by project owner
g3-compound-govt-042,govt,compound,Do VA apps function better on a macOS or Windows system? One more thing: Is there a law similar to this for bicycles?,"[""Do VA apps function better on a macOS or Windows system?"", ""Is there a law similar to this for bicycles?""]",accepted_by_owner,Approved by project owner
g3-compound-govt-043,govt,compound,"how does COVID-19 Vaccines work? Separately, Do they provide online services?","[""how does COVID-19 Vaccines work?"", ""Do they provide online services?""]",accepted_by_owner,Approved by project owner
g3-compound-govt-044,govt,compound,How much physical activity a day is recommended for children? And another question: What happens to people's bodies when there isn't enough atmospheric pressure?,"[""How much physical activity a day is recommended for children?"", ""What happens to people's bodies when there isn't enough atmospheric pressure?""]",accepted_by_owner,Approved by project owner
g3-compound-govt-045,govt,compound,"Sorry, I want to ask you about what we do after a flood disaster? Could I also ask: Do I need to be a U.S. citizen?","[""Sorry, I want to ask you about what we do after a flood disaster."", ""Do I need to be a U.S. citizen?""]",accepted_by_owner,Approved by project owner
g3-compound-govt-046,govt,compound,"What are the services offered by this state library? Also, Why do people need so many doses?","[""What are the services offered by this state library?"", ""Why do people need so many doses?""]",accepted_by_owner,Approved by project owner
g3-compound-govt-047,govt,compound,"Isn't there a giant sequoia, very famous I believe..? One more thing: Who was the last Kolb to live in the house?","[""Isn't there a giant sequoia, very famous I believe..."", ""Who was the last Kolb to live in the house?""]",accepted_by_owner,Approved by project owner
g3-compound-govt-048,govt,compound,"will I go to jail if I do not filing form 540? Separately, Since I will prep myself, what do you think of the grocery budget for meal prep?","[""will I go to jail if I do not filing form 540?"", ""Since I will prep myself, what do you think of the grocery budget for meal prep?""]",accepted_by_owner,Approved by project owner
g3-compound-govt-049,govt,compound,Is there a law similar to this for bicycles? And another question: Can you tell me about a specific city or town in California?,"[""Is there a law similar to this for bicycles?"", ""Can you tell me about a specific city or town in California?""]",accepted_by_owner,Approved by project owner
g3-compound-govt-050,govt,compound,Do they provide online services? Could I also ask: can the landlord sue me if I do not pay rent? the rent is too expensive..,"[""Do they provide online services?"", ""can the landlord sue me if I do not pay rent? the rent is too expensive..""]",accepted_by_owner,Approved by project owner
g3-single-cloud-001,cloud,single_intent,"what Keystores are available, please?","[""what Keystores are available, please?""]",accepted_by_owner,Approved by project owner
g3-single-cloud-002,cloud,single_intent,What are some likely reasons for a stuck transient state?,"[""What are some likely reasons for a stuck transient state?""]",accepted_by_owner,Approved by project owner
g3-single-cloud-003,cloud,single_intent,MKSYSB,"[""MKSYSB""]",accepted_by_owner,Approved by project owner
g3-single-cloud-004,cloud,single_intent,"I keep seeing bare metal servers for vpc mentioned. What is that, exactly?","[""I keep seeing bare metal servers for vpc mentioned. What is that, exactly?""]",accepted_by_owner,Approved by project owner
g3-single-cloud-005,cloud,single_intent,What are the other three Watson Discovery concepts?,"[""What are the other three Watson Discovery concepts?""]",accepted_by_owner,Approved by project owner
g3-single-cloud-006,cloud,single_intent,How can I make a programmatic call?,"[""How can I make a programmatic call?""]",accepted_by_owner,Approved by project owner
g3-single-cloud-007,cloud,single_intent,will anyone contact me separately at least after I open the support case?,"[""will anyone contact me separately at least after I open the support case?""]",accepted_by_owner,Approved by project owner
g3-single-cloud-008,cloud,single_intent,How can I organize my secrets?,"[""How can I organize my secrets?""]",accepted_by_owner,Approved by project owner
g3-single-cloud-009,cloud,single_intent,IBM Cloudant legacy,"[""IBM Cloudant legacy""]",accepted_by_owner,Approved by project owner
g3-single-cloud-010,cloud,single_intent,To whom is the trial account available?,"[""To whom is the trial account available?""]",accepted_by_owner,Approved by project owner
g3-single-cloud-011,cloud,single_intent,Did it receive any recent updates?,"[""Did it receive any recent updates?""]",accepted_by_owner,Approved by project owner
g3-single-cloud-012,cloud,single_intent,What is Watson Assistant?,"[""What is Watson Assistant?""]",accepted_by_owner,Approved by project owner
g3-single-cloud-013,cloud,single_intent,what are the next steps after I finish creating dialog skill steps?,"[""what are the next steps after I finish creating dialog skill steps?""]",accepted_by_owner,Approved by project owner
g3-single-cloud-014,cloud,single_intent,How does it affect the performance?,"[""How does it affect the performance?""]",accepted_by_owner,Approved by project owner
g3-single-cloud-015,cloud,single_intent,Why does the last point sometimes drop suddenly in the Most Recent Metrics Report?,"[""Why does the last point sometimes drop suddenly in the Most Recent Metrics Report?""]",accepted_by_owner,Approved by project owner
g3-single-cloud-016,cloud,single_intent,How is it configure?,"[""How is it configure?""]",accepted_by_owner,Approved by project owner
g3-single-cloud-017,cloud,single_intent,What is IBM Cloud Pak for Data?,"[""What is IBM Cloud Pak for Data?""]",accepted_by_owner,Approved by project owner
g3-single-cloud-018,cloud,single_intent,what restriction does IBM have to prevent DDoS Attacks?,"[""what restriction does IBM have to prevent DDoS Attacks?""]",accepted_by_owner,Approved by project owner
g3-single-cloud-019,cloud,single_intent,Is there a special plan for small businesses?,"[""Is there a special plan for small businesses?""]",accepted_by_owner,Approved by project owner
g3-single-cloud-020,cloud,single_intent,no worries. Do you have the current average cost of serverless in IBM?,"[""no worries. Do you have the current average cost of serverless in IBM?""]",accepted_by_owner,Approved by project owner
g3-single-cloud-021,cloud,single_intent,Did it receive any recognition or awards?,"[""Did it receive any recognition or awards?""]",accepted_by_owner,Approved by project owner
g3-single-cloud-022,cloud,single_intent,I'm bit confused.  Is it Speech to Text or the other way?,"[""I'm bit confused.  Is it Speech to Text or the other way?""]",accepted_by_owner,Approved by project owner
g3-single-cloud-023,cloud,single_intent,How many domains are included in the plan?,"[""How many domains are included in the plan?""]",accepted_by_owner,Approved by project owner
g3-single-cloud-024,cloud,single_intent,Is Cloud Shell workspace free?,"[""Is Cloud Shell workspace free?""]",accepted_by_owner,Approved by project owner
g3-single-cloud-025,cloud,single_intent,What is the default timeout duration for a Code Engine job if the --mode daemon option is not specified?,"[""What is the default timeout duration for a Code Engine job if the --mode daemon option is not specified?""]",accepted_by_owner,Approved by project owner
g3-single-cloud-026,cloud,single_intent,Which ports are accessible from the public internet?,"[""Which ports are accessible from the public internet?""]",accepted_by_owner,Approved by project owner
g3-single-cloud-027,cloud,single_intent,What is an enterprise?,"[""What is an enterprise?""]",accepted_by_owner,Approved by project owner
g3-single-cloud-028,cloud,single_intent,Did the revision of the new document cause any issues?,"[""Did the revision of the new document cause any issues?""]",accepted_by_owner,Approved by project owner
g3-single-cloud-029,cloud,single_intent,I'm not sure I understand what a TLS handshake is.,"[""I'm not sure I understand what a TLS handshake is.""]",accepted_by_owner,Approved by project owner
g3-single-cloud-030,cloud,single_intent,How can we enhance its performance?,"[""How can we enhance its performance?""]",accepted_by_owner,Approved by project owner
g3-single-cloud-031,cloud,single_intent,What are the best practices for using the SDK?,"[""What are the best practices for using the SDK?""]",accepted_by_owner,Approved by project owner
g3-single-cloud-032,cloud,single_intent,Pagination options,"[""Pagination options""]",accepted_by_owner,Approved by project owner
g3-single-cloud-033,cloud,single_intent,They sound similar in function.,"[""They sound similar in function.""]",accepted_by_owner,Approved by project owner
g3-single-cloud-034,cloud,single_intent,How does the service synthesize audio?,"[""How does the service synthesize audio?""]",accepted_by_owner,Approved by project owner
g3-single-cloud-035,cloud,single_intent,"Oops, I meant personal data, pls.","[""Oops, I meant personal data, pls.""]",accepted_by_owner,Approved by project owner
g3-single-cloud-036,cloud,single_intent,IBM Cloud enterprises,"[""IBM Cloud enterprises""]",accepted_by_owner,Approved by project owner
g3-single-cloud-037,cloud,single_intent,what is the cost of restoring toolchain?,"[""what is the cost of restoring toolchain?""]",accepted_by_owner,Approved by project owner
g3-single-cloud-038,cloud,single_intent,Which children games are available for the IBM i virtual machine?,"[""Which children games are available for the IBM i virtual machine?""]",accepted_by_owner,Approved by project owner
g3-single-cloud-039,cloud,single_intent,How do I do the migration?,"[""How do I do the migration?""]",accepted_by_owner,Approved by project owner
g3-single-cloud-040,cloud,single_intent,how does passing context occur in the dialog?,"[""how does passing context occur in the dialog?""]",accepted_by_owner,Approved by project owner
g3-single-cloud-041,cloud,single_intent,Is this intended for use exclusively by professionals?,"[""Is this intended for use exclusively by professionals?""]",accepted_by_owner,Approved by project owner
g3-single-cloud-042,cloud,single_intent,can I restore everything that deleted by me or my coworker?,"[""can I restore everything that deleted by me or my coworker?""]",accepted_by_owner,Approved by project owner
g3-single-cloud-043,cloud,single_intent,I meant what kind of sources are there?,"[""I meant what kind of sources are there?""]",accepted_by_owner,Approved by project owner
g3-single-cloud-044,cloud,single_intent,Did the update action cause any issues?,"[""Did the update action cause any issues?""]",accepted_by_owner,Approved by project owner
g3-single-cloud-045,cloud,single_intent,"It is not possible to use  Terraform to manage the lifecycle of your custom images with three statuses. , right?","[""It is not possible to use  Terraform to manage the lifecycle of your custom images with three statuses. , right?""]",accepted_by_owner,Approved by project owner
g3-single-cloud-046,cloud,single_intent,Do you know the regions where Immutable Object Storage is available?,"[""Do you know the regions where Immutable Object Storage is available?""]",accepted_by_owner,Approved by project owner
g3-single-cloud-047,cloud,single_intent,Can you tell me about its policies.,"[""Can you tell me about its policies.""]",accepted_by_owner,Approved by project owner
g3-single-cloud-048,cloud,single_intent,Add user identity information,"[""Add user identity information""]",accepted_by_owner,Approved by project owner
g3-single-cloud-049,cloud,single_intent,What are the two SAP HANA system types listed by SAP?,"[""What are the two SAP HANA system types listed by SAP?""]",accepted_by_owner,Approved by project owner
g3-single-cloud-050,cloud,single_intent,What is the sounds_like field in an API request?,"[""What is the sounds_like field in an API request?""]",accepted_by_owner,Approved by project owner
g3-single-govt-001,govt,single_intent,What happens to people's bodies when there isn't enough atmospheric pressure?,"[""What happens to people's bodies when there isn't enough atmospheric pressure?""]",accepted_by_owner,Approved by project owner
g3-single-govt-002,govt,single_intent,Do I need to be a U.S. citizen?,"[""Do I need to be a U.S. citizen?""]",accepted_by_owner,Approved by project owner
g3-single-govt-003,govt,single_intent,Why do people need so many doses?,"[""Why do people need so many doses?""]",accepted_by_owner,Approved by project owner
g3-single-govt-004,govt,single_intent,Who was the last Kolb to live in the house?,"[""Who was the last Kolb to live in the house?""]",accepted_by_owner,Approved by project owner
g3-single-govt-005,govt,single_intent,"Since I will prep myself, what do you think of the grocery budget for meal prep?","[""Since I will prep myself, what do you think of the grocery budget for meal prep?""]",accepted_by_owner,Approved by project owner
g3-single-govt-006,govt,single_intent,Can you tell me about a specific city or town in California?,"[""Can you tell me about a specific city or town in California?""]",accepted_by_owner,Approved by project owner
g3-single-govt-007,govt,single_intent,can the landlord sue me if I do not pay rent? the rent is too expensive..,"[""can the landlord sue me if I do not pay rent? the rent is too expensive..""]",accepted_by_owner,Approved by project owner
g3-single-govt-008,govt,single_intent,That ws when jumbo jets were produced...,"[""That ws when jumbo jets were produced...""]",accepted_by_owner,Approved by project owner
g3-single-govt-009,govt,single_intent,I love barbecue. Could I do a barbecue on those camp facilities?,"[""I love barbecue. Could I do a barbecue on those camp facilities?""]",accepted_by_owner,Approved by project owner
g3-single-govt-010,govt,single_intent,What kind the food should I eat ?,"[""What kind the food should I eat ?""]",accepted_by_owner,Approved by project owner
g3-single-govt-011,govt,single_intent,Sharps Disposal in Madison County,"[""Sharps Disposal in Madison County""]",accepted_by_owner,Approved by project owner
g3-single-govt-012,govt,single_intent,"no, the domain name for my bank account should be personal information. It has all of my information.","[""no, the domain name for my bank account should be personal information. It has all of my information.""]",accepted_by_owner,Approved by project owner
g3-single-govt-013,govt,single_intent,Who charges the fee for issuing a Writ of Execution in this case?,"[""Who charges the fee for issuing a Writ of Execution in this case?""]",accepted_by_owner,Approved by project owner
g3-single-govt-014,govt,single_intent,Tell me something about the Demography of the city of California.,"[""Tell me something about the Demography of the city of California.""]",accepted_by_owner,Approved by project owner
g3-single-govt-015,govt,single_intent,"can you please help me to check one more time? I think I saw somewhere on the website about ""the fiscal year in California runs from July 1 to June 30, but I want to confirm once.","[""can you please help me to check one more time? I think I saw somewhere on the website about \""the fiscal year in California runs from July 1 to June 30, but I want to confirm once.""]",accepted_by_owner,Approved by project owner
g3-single-govt-016,govt,single_intent,Does MontanaVA carry J&J booster shots?,"[""Does MontanaVA carry J&J booster shots?""]",accepted_by_owner,Approved by project owner
g3-single-govt-017,govt,single_intent,am I able to treat my teeth even when I am in the space?,"[""am I able to treat my teeth even when I am in the space?""]",accepted_by_owner,Approved by project owner
g3-single-govt-018,govt,single_intent,Do you have directions to the Fair grounds?,"[""Do you have directions to the Fair grounds?""]",accepted_by_owner,Approved by project owner
g3-single-govt-019,govt,single_intent,Can we take the pets in the park?,"[""Can we take the pets in the park?""]",accepted_by_owner,Approved by project owner
g3-single-govt-020,govt,single_intent,What is a safe room?,"[""What is a safe room?""]",accepted_by_owner,Approved by project owner
g3-single-govt-021,govt,single_intent,Does vaccinated lactating mothers give protection to their babies?,"[""Does vaccinated lactating mothers give protection to their babies?""]",accepted_by_owner,Approved by project owner
g3-single-govt-022,govt,single_intent,Do you know how much people make averagely at the Auburn Police Department?,"[""Do you know how much people make averagely at the Auburn Police Department?""]",accepted_by_owner,Approved by project owner
g3-single-govt-023,govt,single_intent,That is fine. Could you tell me a little bit about the greenhouse effect. Is it good or bad?,"[""That is fine. Could you tell me a little bit about the greenhouse effect. Is it good or bad?""]",accepted_by_owner,Approved by project owner
g3-single-govt-024,govt,single_intent,What all facilities does this library provide for the public?,"[""What all facilities does this library provide for the public?""]",accepted_by_owner,Approved by project owner
g3-single-govt-025,govt,single_intent,Where can I find information on the park amenities available at the New York county?,"[""Where can I find information on the park amenities available at the New York county?""]",accepted_by_owner,Approved by project owner
g3-single-govt-026,govt,single_intent,I'm asking more concrete info such as tele number.,"[""I'm asking more concrete info such as tele number.""]",accepted_by_owner,Approved by project owner
g3-single-govt-027,govt,single_intent,Any Supplies Kit do you think I should prepare for the disasters?,"[""Any Supplies Kit do you think I should prepare for the disasters?""]",accepted_by_owner,Approved by project owner
g3-single-govt-028,govt,single_intent,"how much is each M.A.P Classes, please?","[""how much is each M.A.P Classes, please?""]",accepted_by_owner,Approved by project owner
g3-single-govt-029,govt,single_intent,Do I need a lawyer for civil cases?,"[""Do I need a lawyer for civil cases?""]",accepted_by_owner,Approved by project owner
g3-single-govt-030,govt,single_intent,What is the main purpose of that NASA mission?,"[""What is the main purpose of that NASA mission?""]",accepted_by_owner,Approved by project owner
g3-single-govt-031,govt,single_intent,Did the defendant file an answer in this case?,"[""Did the defendant file an answer in this case?""]",accepted_by_owner,Approved by project owner
g3-single-govt-032,govt,single_intent,can my family use the app on behalf of me?,"[""can my family use the app on behalf of me?""]",accepted_by_owner,Approved by project owner
g3-single-govt-033,govt,single_intent,Do I need to hire a lawyer?,"[""Do I need to hire a lawyer?""]",accepted_by_owner,Approved by project owner
g3-single-govt-034,govt,single_intent,What is the name of our galaxy?,"[""What is the name of our galaxy?""]",accepted_by_owner,Approved by project owner
g3-single-govt-035,govt,single_intent,what types of permission am I giving when I am using this app?,"[""what types of permission am I giving when I am using this app?""]",accepted_by_owner,Approved by project owner
g3-single-govt-036,govt,single_intent,What are the Mars rovers?,"[""What are the Mars rovers?""]",accepted_by_owner,Approved by project owner
g3-single-govt-037,govt,single_intent,Does this outpatient clinic provide mental health services to veterans in Minneapolis?,"[""Does this outpatient clinic provide mental health services to veterans in Minneapolis?""]",accepted_by_owner,Approved by project owner
g3-single-govt-038,govt,single_intent,"""What happens to people's bodies when there isn't enough atmospheric pressure?""","[""\""What happens to people's bodies when there isn't enough atmospheric pressure?\""""]",accepted_by_owner,Approved by project owner
g3-single-govt-039,govt,single_intent,"If I am receiving Disability Insurance pregnancy-related benefits, can I request a Claim for Paid Family Leave Benefits?","[""If I am receiving Disability Insurance pregnancy-related benefits, can I request a Claim for Paid Family Leave Benefits?""]",accepted_by_owner,Approved by project owner
g3-single-govt-040,govt,single_intent,"Hi, could you shed some light on the opportunities available through the police department's Explorer program, particularly for the youth participants?","[""Hi, could you shed some light on the opportunities available through the police department's Explorer program, particularly for the youth participants?""]",accepted_by_owner,Approved by project owner
g3-single-govt-041,govt,single_intent,I meant for the purchase loan,"[""I meant for the purchase loan""]",accepted_by_owner,Approved by project owner
g3-single-govt-042,govt,single_intent,Do VA apps function better on a macOS or Windows system?,"[""Do VA apps function better on a macOS or Windows system?""]",accepted_by_owner,Approved by project owner
g3-single-govt-043,govt,single_intent,how does COVID-19 Vaccines work?,"[""how does COVID-19 Vaccines work?""]",accepted_by_owner,Approved by project owner
g3-single-govt-044,govt,single_intent,How much physical activity a day is recommended for children?,"[""How much physical activity a day is recommended for children?""]",accepted_by_owner,Approved by project owner
g3-single-govt-045,govt,single_intent,"Sorry, I want to ask you about what we do after a flood disaster.","[""Sorry, I want to ask you about what we do after a flood disaster.""]",accepted_by_owner,Approved by project owner
g3-single-govt-046,govt,single_intent,What are the services offered by this state library?,"[""What are the services offered by this state library?""]",accepted_by_owner,Approved by project owner
g3-single-govt-047,govt,single_intent,"Isn't there a giant sequoia, very famous I believe...","[""Isn't there a giant sequoia, very famous I believe...""]",accepted_by_owner,Approved by project owner
g3-single-govt-048,govt,single_intent,will I go to jail if I do not filing form 540?,"[""will I go to jail if I do not filing form 540?""]",accepted_by_owner,Approved by project owner
g3-single-govt-049,govt,single_intent,Is there a law similar to this for bicycles?,"[""Is there a law similar to this for bicycles?""]",accepted_by_owner,Approved by project owner
g3-single-govt-050,govt,single_intent,Do they provide online services?,"[""Do they provide online services?""]",accepted_by_owner,Approved by project owner
